id,isResult,h,a,goals,xG,datetime,forecast,h_title,a_title
28778,True,87,73,"{'h': '4', 'a': '2'}","{'h': '2.33007', 'a': '1.57303'}",2025-08-15 19:00:00,"{'w': '0.5498', 'd': '0.2276', 'l': '0.2226'}",Liverpool,Bournemouth
28779,True,71,86,"{'h': '0', 'a': '0'}","{'h': '0.318601', 'a': '1.40098'}",2025-08-16 11:30:00,"{'w': '0.0629', 'd': '0.2371', 'l': '0.7'}",Aston Villa,Newcastle United
28780,True,220,228,"{'h': '1', 'a': '1'}","{'h': '1.44008', 'a': '0.902883'}",2025-08-16 14:00:00,"{'w': '0.5158', 'd': '0.3088', 'l': '0.1754'}",Brighton,Fulham
28781,True,77,81,"{'h': '3', 'a': '0'}","{'h': '0.724368', 'a': '0.558948'}",2025-08-16 14:00:00,"{'w': '0.363', 'd': '0.391', 'l': '0.246'}",Sunderland,West Ham
28782,True,82,92,"{'h': '3', 'a': '0'}","{'h': '1.97858', 'a': '0.734138'}",2025-08-16 14:00:00,"{'w': '0.7032', 'd': '0.1993', 'l': '0.0975'}",Tottenham,Burnley
28783,True,229,88,"{'h': '0', 'a': '4'}","{'h': '0.519436', 'a': '2.29903'}",2025-08-16 16:30:00,"{'w': '0.0404', 'd': '0.1179', 'l': '0.8417'}",Wolverhampton Wanderers,Manchester City
28784,True,80,78,"{'h': '0', 'a': '0'}","{'h': '1.36793', 'a': '1.03414'}",2025-08-17 13:00:00,"{'w': '0.4404', 'd': '0.2929', 'l': '0.2667'}",Chelsea,Crystal Palace
28785,True,249,244,"{'h': '3', 'a': '1'}","{'h': '1.7555', 'a': '1.32516'}",2025-08-17 13:00:00,"{'w': '0.4714', 'd': '0.2855', 'l': '0.2431'}",Nottingham Forest,Brentford
28786,True,89,83,"{'h': '0', 'a': '1'}","{'h': '1.37653', 'a': '1.3304'}",2025-08-17 15:30:00,"{'w': '0.3408', 'd': '0.3074', 'l': '0.3518'}",Manchester United,Arsenal
28787,True,245,72,"{'h': '1', 'a': '0'}","{'h': '2.3812', 'a': '0.674338'}",2025-08-18 19:00:00,"{'w': '0.8116', 'd': '0.1394', 'l': '0.049'}",Leeds,Everton
28788,True,81,80,"{'h': '1', 'a': '5'}","{'h': '0.978572', 'a': '3.94997'}",2025-08-22 19:00:00,"{'w': '0.0153', 'd': '0.0485', 'l': '0.9362'}",West Ham,Chelsea
28789,True,88,82,"{'h': '0', 'a': '2'}","{'h': '1.2475', 'a': '1.28015'}",2025-08-23 11:30:00,"{'w': '0.3526', 'd': '0.2889', 'l': '0.3585'}",Manchester City,Tottenham
28790,True,244,71,"{'h': '1', 'a': '0'}","{'h': '1.12964', 'a': '0.976852'}",2025-08-23 14:00:00,"{'w': '0.4019', 'd': '0.3328', 'l': '0.2653'}",Brentford,Aston Villa
28791,True,92,77,"{'h': '2', 'a': '0'}","{'h': '1.00381', 'a': '1.12127'}",2025-08-23 14:00:00,"{'w': '0.2978', 'd': '0.3293', 'l': '0.3729'}",Burnley,Sunderland
28792,True,73,229,"{'h': '1', 'a': '0'}","{'h': '1.78462', 'a': '0.373367'}",2025-08-23 14:00:00,"{'w': '0.7888', 'd': '0.1642', 'l': '0.047'}",Bournemouth,Wolverhampton Wanderers
28793,True,83,245,"{'h': '5', 'a': '0'}","{'h': '2.73761', 'a': '0.156761'}",2025-08-23 16:30:00,"{'w': '0.9569', 'd': '0.039', 'l': '0.0041'}",Arsenal,Leeds
28794,True,78,249,"{'h': '1', 'a': '1'}","{'h': '1.10188', 'a': '1.32987'}",2025-08-24 13:00:00,"{'w': '0.2822', 'd': '0.3071', 'l': '0.4107'}",Crystal Palace,Nottingham Forest
28795,True,72,220,"{'h': '2', 'a': '0'}","{'h': '1.80116', 'a': '2.08487'}",2025-08-24 13:00:00,"{'w': '0.2765', 'd': '0.2775', 'l': '0.446'}",Everton,Brighton
28796,True,228,89,"{'h': '1', 'a': '1'}","{'h': '1.65333', 'a': '1.54603'}",2025-08-24 15:30:00,"{'w': '0.3868', 'd': '0.2852', 'l': '0.328'}",Fulham,Manchester United
28797,True,86,87,"{'h': '2', 'a': '3'}","{'h': '1.96342', 'a': '0.646559'}",2025-08-25 19:00:00,"{'w': '0.7493', 'd': '0.1793', 'l': '0.0714'}",Newcastle United,Liverpool
28798,True,80,228,"{'h': '2', 'a': '0'}","{'h': '2.4324', 'a': '0.736228'}",2025-08-30 11:30:00,"{'w': '0.811', 'd': '0.1338', 'l': '0.0552'}",Chelsea,Fulham
28799,True,82,73,"{'h': '0', 'a': '1'}","{'h': '0.17067', 'a': '2.1201'}",2025-08-30 14:00:00,"{'w': '0.016', 'd': '0.1089', 'l': '0.8751'}",Tottenham,Bournemouth
28800,True,229,72,"{'h': '2', 'a': '3'}","{'h': '0.943257', 'a': '2.03791'}",2025-08-30 14:00:00,"{'w': '0.1205', 'd': '0.2084', 'l': '0.6711'}",Wolverhampton Wanderers,Everton
28801,True,77,244,"{'h': '2', 'a': '1'}","{'h': '1.57127', 'a': '1.44604'}",2025-08-30 14:00:00,"{'w': '0.3654', 'd': '0.3194', 'l': '0.3152'}",Sunderland,Brentford
28802,True,89,92,"{'h': '3', 'a': '2'}","{'h': '4.02237', 'a': '1.32618'}",2025-08-30 14:00:00,"{'w': '0.911', 'd': '0.0655', 'l': '0.0235'}",Manchester United,Burnley
28803,True,245,86,"{'h': '0', 'a': '0'}","{'h': '0.6773', 'a': '0.303635'}",2025-08-30 16:30:00,"{'w': '0.408', 'd': '0.4518', 'l': '0.1402'}",Leeds,Newcastle United
28804,True,249,81,"{'h': '0', 'a': '3'}","{'h': '0.716018', 'a': '2.236'}",2025-08-31 13:00:00,"{'w': '0.0594', 'd': '0.1552', 'l': '0.7854'}",Nottingham Forest,West Ham
28805,True,220,88,"{'h': '2', 'a': '1'}","{'h': '2.20864', 'a': '2.13418'}",2025-08-31 13:00:00,"{'w': '0.3828', 'd': '0.2726', 'l': '0.3446'}",Brighton,Manchester City
28806,True,87,83,"{'h': '1', 'a': '0'}","{'h': '0.481404', 'a': '0.485679'}",2025-08-31 15:30:00,"{'w': '0.2681', 'd': '0.4624', 'l': '0.2695'}",Liverpool,Arsenal
28807,True,71,78,"{'h': '0', 'a': '3'}","{'h': '1.20586', 'a': '2.59713'}",2025-08-31 18:00:00,"{'w': '0.0734', 'd': '0.161', 'l': '0.7656'}",Aston Villa,Crystal Palace
28808,True,83,249,"{'h': '3', 'a': '0'}","{'h': '2.8817', 'a': '0.293681'}",2025-09-13 11:30:00,"{'w': '0.9419', 'd': '0.048', 'l': '0.0101'}",Arsenal,Nottingham Forest
28809,True,86,229,"{'h': '1', 'a': '0'}","{'h': '1.19186', 'a': '0.375942'}",2025-09-13 14:00:00,"{'w': '0.6234', 'd': '0.2851', 'l': '0.0915'}",Newcastle United,Wolverhampton Wanderers
28810,True,73,220,"{'h': '2', 'a': '1'}","{'h': '1.44187', 'a': '0.624923'}",2025-09-13 14:00:00,"{'w': '0.6177', 'd': '0.2664', 'l': '0.1159'}",Bournemouth,Brighton
28811,True,78,77,"{'h': '0', 'a': '0'}","{'h': '1.75805', 'a': '0.354129'}",2025-09-13 14:00:00,"{'w': '0.7823', 'd': '0.1686', 'l': '0.0491'}",Crystal Palace,Sunderland
28812,True,72,71,"{'h': '0', 'a': '0'}","{'h': '1.8927', 'a': '0.354327'}",2025-09-13 14:00:00,"{'w': '0.7847', 'd': '0.1658', 'l': '0.0495'}",Everton,Aston Villa
28813,True,228,245,"{'h': '1', 'a': '0'}","{'h': '1.13979', 'a': '0.830398'}",2025-09-13 14:00:00,"{'w': '0.4371', 'd': '0.3383', 'l': '0.2246'}",Fulham,Leeds
28814,True,81,82,"{'h': '0', 'a': '3'}","{'h': '0.793248', 'a': '1.51402'}",2025-09-13 16:30:00,"{'w': '0.1696', 'd': '0.2807', 'l': '0.5497'}",West Ham,Tottenham
28815,True,244,80,"{'h': '2', 'a': '2'}","{'h': '1.17533', 'a': '0.755999'}",2025-09-13 19:00:00,"{'w': '0.495', 'd': '0.2994', 'l': '0.2056'}",Brentford,Chelsea
28816,True,92,87,"{'h': '0', 'a': '1'}","{'h': '0.168041', 'a': '2.79492'}",2025-09-14 13:00:00,"{'w': '0.0037', 'd': '0.0387', 'l': '0.9576'}",Burnley,Liverpool
28817,True,88,89,"{'h': '3', 'a': '0'}","{'h': '1.99725', 'a': '1.51915'}",2025-09-14 15:30:00,"{'w': '0.4799', 'd': '0.2573', 'l': '0.2628'}",Manchester City,Manchester United
28818,True,87,72,"{'h': '2', 'a': '1'}","{'h': '1.06166', 'a': '0.721371'}",2025-09-20 11:30:00,"{'w': '0.4455', 'd': '0.33', 'l': '0.2245'}",Liverpool,Everton
28819,True,81,78,"{'h': '1', 'a': '2'}","{'h': '0.466365', 'a': '2.33565'}",2025-09-20 14:00:00,"{'w': '0.035', 'd': '0.1161', 'l': '0.8489'}",West Ham,Crystal Palace
28820,True,229,245,"{'h': '1', 'a': '3'}","{'h': '1.5661', 'a': '0.456988'}",2025-09-20 14:00:00,"{'w': '0.6878', 'd': '0.2266', 'l': '0.0856'}",Wolverhampton Wanderers,Leeds
28821,True,220,82,"{'h': '2', 'a': '2'}","{'h': '1.40466', 'a': '1.19181'}",2025-09-20 14:00:00,"{'w': '0.4028', 'd': '0.3289', 'l': '0.2683'}",Brighton,Tottenham
28822,True,92,249,"{'h': '1', 'a': '1'}","{'h': '1.14159', 'a': '0.830779'}",2025-09-20 14:00:00,"{'w': '0.4397', 'd': '0.3168', 'l': '0.2435'}",Burnley,Nottingham Forest
28824,True,89,80,"{'h': '2', 'a': '1'}","{'h': '1.34458', 'a': '0.469843'}",2025-09-20 16:30:00,"{'w': '0.6294', 'd': '0.2748', 'l': '0.0958'}",Manchester United,Chelsea
28825,True,228,244,"{'h': '3', 'a': '1'}","{'h': '1.52431', 'a': '0.826556'}",2025-09-20 19:00:00,"{'w': '0.5643', 'd': '0.2588', 'l': '0.1769'}",Fulham,Brentford
28823,True,73,86,"{'h': '0', 'a': '0'}","{'h': '0.55066', 'a': '0.153629'}",2025-09-21 13:00:00,"{'w': '0.3942', 'd': '0.5216', 'l': '0.0842'}",Bournemouth,Newcastle United
28826,True,77,71,"{'h': '1', 'a': '1'}","{'h': '0.938312', 'a': '0.939354'}",2025-09-21 13:00:00,"{'w': '0.3258', 'd': '0.3463', 'l': '0.3279'}",Sunderland,Aston Villa
28827,True,83,88,"{'h': '1', 'a': '1'}","{'h': '0.718575', 'a': '1.1227'}",2025-09-21 15:30:00,"{'w': '0.2028', 'd': '0.3221', 'l': '0.4751'}",Arsenal,Manchester City
28828,True,244,89,"{'h': '3', 'a': '1'}","{'h': '2.78726', 'a': '2.23609'}",2025-09-27 11:30:00,"{'w': '0.5118', 'd': '0.2491', 'l': '0.2391'}",Brentford,Manchester United
28829,True,80,220,"{'h': '1', 'a': '3'}","{'h': '2.02653', 'a': '2.4751'}",2025-09-27 14:00:00,"{'w': '0.2603', 'd': '0.2482', 'l': '0.4915'}",Chelsea,Brighton
28830,True,78,87,"{'h': '2', 'a': '1'}","{'h': '3.53323', 'a': '3.10176'}",2025-09-27 14:00:00,"{'w': '0.4872', 'd': '0.1968', 'l': '0.316'}",Crystal Palace,Liverpool
28832,True,245,73,"{'h': '2', 'a': '2'}","{'h': '2.04728', 'a': '1.06033'}",2025-09-27 14:00:00,"{'w': '0.6258', 'd': '0.219', 'l': '0.1552'}",Leeds,Bournemouth
28833,True,88,92,"{'h': '5', 'a': '1'}","{'h': '3.22133', 'a': '0.509491'}",2025-09-27 14:00:00,"{'w': '0.9279', 'd': '0.0602', 'l': '0.0119'}",Manchester City,Burnley
28834,True,249,77,"{'h': '0', 'a': '1'}","{'h': '1.4203', 'a': '1.94154'}",2025-09-27 16:30:00,"{'w': '0.2527', 'd': '0.2346', 'l': '0.5127'}",Nottingham Forest,Sunderland
28835,True,82,229,"{'h': '1', 'a': '1'}","{'h': '0.818711', 'a': '1.15951'}",2025-09-27 19:00:00,"{'w': '0.2181', 'd': '0.3376', 'l': '0.4443'}",Tottenham,Wolverhampton Wanderers
28831,True,71,228,"{'h': '3', 'a': '1'}","{'h': '1.36575', 'a': '0.952612'}",2025-09-28 13:00:00,"{'w': '0.4792', 'd': '0.293', 'l': '0.2278'}",Aston Villa,Fulham
28836,True,86,83,"{'h': '1', 'a': '2'}","{'h': '0.739851', 'a': '2.07048'}",2025-09-28 15:30:00,"{'w': '0.0956', 'd': '0.1872', 'l': '0.7172'}",Newcastle United,Arsenal
28837,True,72,81,"{'h': '1', 'a': '1'}","{'h': '0.909703', 'a': '0.775766'}",2025-09-29 19:00:00,"{'w': '0.3639', 'd': '0.3478', 'l': '0.2883'}",Everton,West Ham
28838,True,73,228,"{'h': '3', 'a': '1'}","{'h': '1.33458', 'a': '0.84335'}",2025-10-03 19:00:00,"{'w': '0.5037', 'd': '0.2971', 'l': '0.1992'}",Bournemouth,Fulham
28844,True,245,82,"{'h': '1', 'a': '2'}","{'h': '1.48051', 'a': '0.688198'}",2025-10-04 11:30:00,"{'w': '0.6', 'd': '0.2633', 'l': '0.1367'}",Leeds,Tottenham
28839,True,83,81,"{'h': '2', 'a': '0'}","{'h': '3.0585', 'a': '0.864549'}",2025-10-04 14:00:00,"{'w': '0.8876', 'd': '0.0891', 'l': '0.0233'}",Arsenal,West Ham
28845,True,89,77,"{'h': '2', 'a': '0'}","{'h': '1.9298', 'a': '0.807119'}",2025-10-04 14:00:00,"{'w': '0.6826', 'd': '0.2067', 'l': '0.1107'}",Manchester United,Sunderland
28842,True,80,87,"{'h': '2', 'a': '1'}","{'h': '1.23721', 'a': '2.05981'}",2025-10-04 16:30:00,"{'w': '0.1603', 'd': '0.2554', 'l': '0.5843'}",Chelsea,Liverpool
28840,True,71,92,"{'h': '2', 'a': '1'}","{'h': '1.73572', 'a': '0.502292'}",2025-10-05 13:00:00,"{'w': '0.7029', 'd': '0.2168', 'l': '0.0803'}",Aston Villa,Burnley
28843,True,72,78,"{'h': '2', 'a': '1'}","{'h': '2.13876', 'a': '2.17789'}",2025-10-05 13:00:00,"{'w': '0.3623', 'd': '0.2646', 'l': '0.3731'}",Everton,Crystal Palace
28846,True,86,249,"{'h': '2', 'a': '0'}","{'h': '3.81662', 'a': '0.337689'}",2025-10-05 13:00:00,"{'w': '0.9788', 'd': '0.0182', 'l': '0.003'}",Newcastle United,Nottingham Forest
28847,True,229,220,"{'h': '1', 'a': '1'}","{'h': '0.369404', 'a': '1.39158'}",2025-10-05 13:00:00,"{'w': '0.0797', 'd': '0.2474', 'l': '0.6729'}",Wolverhampton Wanderers,Brighton
28841,True,244,88,"{'h': '0', 'a': '1'}","{'h': '0.693758', 'a': '1.09647'}",2025-10-05 15:30:00,"{'w': '0.2127', 'd': '0.3477', 'l': '0.4396'}",Brentford,Manchester City
28854,True,249,80,"{'h': '0', 'a': '3'}","{'h': '2.0555', 'a': '2.5583'}",2025-10-18 11:30:00,"{'w': '0.2761', 'd': '0.2325', 'l': '0.4914'}",Nottingham Forest,Chelsea
28848,True,220,86,"{'h': '2', 'a': '1'}","{'h': '0.857104', 'a': '1.28313'}",2025-10-18 14:00:00,"{'w': '0.234', 'd': '0.2943', 'l': '0.4717'}",Brighton,Newcastle United
28849,True,92,245,"{'h': '2', 'a': '0'}","{'h': '0.509647', 'a': '2.33152'}",2025-10-18 14:00:00,"{'w': '0.0318', 'd': '0.1277', 'l': '0.8405'}",Burnley,Leeds
28850,True,78,73,"{'h': '3', 'a': '3'}","{'h': '4.56284', 'a': '2.0471'}",2025-10-18 14:00:00,"{'w': '0.8893', 'd': '0.0764', 'l': '0.0343'}",Crystal Palace,Bournemouth
28853,True,88,72,"{'h': '2', 'a': '0'}","{'h': '2.4799', 'a': '0.794622'}",2025-10-18 14:00:00,"{'w': '0.7871', 'd': '0.157', 'l': '0.0559'}",Manchester City,Everton
28855,True,77,229,"{'h': '2', 'a': '0'}","{'h': '1.02481', 'a': '0.676323'}",2025-10-18 14:00:00,"{'w': '0.4521', 'd': '0.3322', 'l': '0.2157'}",Sunderland,Wolverhampton Wanderers
28851,True,228,83,"{'h': '0', 'a': '1'}","{'h': '0.502332', 'a': '2.07823'}",2025-10-18 16:30:00,"{'w': '0.0509', 'd': '0.1423', 'l': '0.8068'}",Fulham,Arsenal
28856,True,82,71,"{'h': '1', 'a': '2'}","{'h': '1.51461', 'a': '0.352231'}",2025-10-19 13:00:00,"{'w': '0.7246', 'd': '0.2099', 'l': '0.0655'}",Tottenham,Aston Villa
28852,True,87,89,"{'h': '1', 'a': '2'}","{'h': '2.60972', 'a': '2.53117'}",2025-10-19 15:30:00,"{'w': '0.403', 'd': '0.2349', 'l': '0.3621'}",Liverpool,Manchester United
28857,True,81,244,"{'h': '0', 'a': '2'}","{'h': '0.260251', 'a': '3.46635'}",2025-10-20 19:00:00,"{'w': '0.0056', 'd': '0.0286', 'l': '0.9658'}",West Ham,Brentford
28864,True,245,81,"{'h': '2', 'a': '1'}","{'h': '2.2214', 'a': '0.498653'}",2025-10-24 19:00:00,"{'w': '0.8342', 'd': '0.1246', 'l': '0.0412'}",Leeds,West Ham
28862,True,80,77,"{'h': '1', 'a': '2'}","{'h': '1.21332', 'a': '1.5506'}",2025-10-25 14:00:00,"{'w': '0.2529', 'd': '0.2876', 'l': '0.4595'}",Chelsea,Sunderland
28866,True,86,228,"{'h': '2', 'a': '1'}","{'h': '2.76806', 'a': '1.52001'}",2025-10-25 14:00:00,"{'w': '0.6984', 'd': '0.1854', 'l': '0.1162'}",Newcastle United,Fulham
28865,True,89,220,"{'h': '4', 'a': '2'}","{'h': '1.96231', 'a': '0.947154'}",2025-10-25 16:30:00,"{'w': '0.6368', 'd': '0.216', 'l': '0.1472'}",Manchester United,Brighton
28861,True,244,87,"{'h': '3', 'a': '2'}","{'h': '3.27126', 'a': '2.11838'}",2025-10-25 19:00:00,"{'w': '0.6466', 'd': '0.1867', 'l': '0.1667'}",Brentford,Liverpool
28858,True,73,249,"{'h': '2', 'a': '0'}","{'h': '0.656601', 'a': '0.305493'}",2025-10-26 13:00:00,"{'w': '0.4009', 'd': '0.4563', 'l': '0.1428'}",Bournemouth,Nottingham Forest
28859,True,83,78,"{'h': '1', 'a': '0'}","{'h': '0.856175', 'a': '0.350534'}",2025-10-26 13:00:00,"{'w': '0.4818', 'd': '0.3843', 'l': '0.1339'}",Arsenal,Crystal Palace
28860,True,71,88,"{'h': '1', 'a': '0'}","{'h': '0.843906', 'a': '1.36914'}",2025-10-26 13:00:00,"{'w': '0.2191', 'd': '0.289', 'l': '0.4919'}",Aston Villa,Manchester City
28867,True,229,92,"{'h': '2', 'a': '3'}","{'h': '2.58132', 'a': '1.54544'}",2025-10-26 13:00:00,"{'w': '0.6426', 'd': '0.2132', 'l': '0.1442'}",Wolverhampton Wanderers,Burnley
28863,True,72,82,"{'h': '0', 'a': '3'}","{'h': '1.4032', 'a': '2.09327'}",2025-10-26 15:30:00,"{'w': '0.1933', 'd': '0.2511', 'l': '0.5556'}",Everton,Tottenham
28868,False,220,245,"{'h': None, 'a': None}","{'h': None, 'a': None}",2025-11-01 15:00:00,,Brighton,Leeds
28869,False,92,83,"{'h': None, 'a': None}","{'h': None, 'a': None}",2025-11-01 15:00:00,,Burnley,Arsenal
28870,False,78,244,"{'h': None, 'a': None}","{'h': None, 'a': None}",2025-11-01 15:00:00,,Crystal Palace,Brentford
28871,False,228,229,"{'h': None, 'a': None}","{'h': None, 'a': None}",2025-11-01 15:00:00,,Fulham,Wolverhampton Wanderers
28874,False,249,89,"{'h': None, 'a': None}","{'h': None, 'a': None}",2025-11-01 15:00:00,,Nottingham Forest,Manchester United
28876,False,82,80,"{'h': None, 'a': None}","{'h': None, 'a': None}",2025-11-01 17:30:00,,Tottenham,Chelsea
28872,False,87,71,"{'h': None, 'a': None}","{'h': None, 'a': None}",2025-11-01 20:00:00,,Liverpool,Aston Villa
28877,False,81,86,"{'h': None, 'a': None}","{'h': None, 'a': None}",2025-11-02 14:00:00,,West Ham,Newcastle United
28873,False,88,73,"{'h': None, 'a': None}","{'h': None, 'a': None}",2025-11-02 16:30:00,,Manchester City,Bournemouth
28875,False,77,72,"{'h': None, 'a': None}","{'h': None, 'a': None}",2025-11-03 20:00:00,,Sunderland,Everton
28886,False,82,89,"{'h': None, 'a': None}","{'h': None, 'a': None}",2025-11-08 12:30:00,,Tottenham,Manchester United
28882,False,72,228,"{'h': None, 'a': None}","{'h': None, 'a': None}",2025-11-08 15:00:00,,Everton,Fulham
28887,False,81,92,"{'h': None, 'a': None}","{'h': None, 'a': None}",2025-11-08 15:00:00,,West Ham,Burnley
28885,False,77,83,"{'h': None, 'a': None}","{'h': None, 'a': None}",2025-11-08 17:30:00,,Sunderland,Arsenal
28880,False,80,229,"{'h': None, 'a': None}","{'h': None, 'a': None}",2025-11-08 20:00:00,,Chelsea,Wolverhampton Wanderers
28878,False,71,73,"{'h': None, 'a': None}","{'h': None, 'a': None}",2025-11-09 14:00:00,,Aston Villa,Bournemouth
28879,False,244,86,"{'h': None, 'a': None}","{'h': None, 'a': None}",2025-11-09 14:00:00,,Brentford,Newcastle United
28881,False,78,220,"{'h': None, 'a': None}","{'h': None, 'a': None}",2025-11-09 14:00:00,,Crystal Palace,Brighton
28884,False,249,245,"{'h': None, 'a': None}","{'h': None, 'a': None}",2025-11-09 14:00:00,,Nottingham Forest,Leeds
28883,False,88,87,"{'h': None, 'a': None}","{'h': None, 'a': None}",2025-11-09 16:30:00,,Manchester City,Liverpool
28891,False,92,80,"{'h': None, 'a': None}","{'h': None, 'a': None}",2025-11-22 12:30:00,,Burnley,Chelsea
28888,False,73,81,"{'h': None, 'a': None}","{'h': None, 'a': None}",2025-11-22 15:00:00,,Bournemouth,West Ham
28890,False,220,244,"{'h': None, 'a': None}","{'h': None, 'a': None}",2025-11-22 15:00:00,,Brighton,Brentford
28892,False,228,77,"{'h': None, 'a': None}","{'h': None, 'a': None}",2025-11-22 15:00:00,,Fulham,Sunderland
28894,False,87,249,"{'h': None, 'a': None}","{'h': None, 'a': None}",2025-11-22 15:00:00,,Liverpool,Nottingham Forest
28897,False,229,78,"{'h': None, 'a': None}","{'h': None, 'a': None}",2025-11-22 15:00:00,,Wolverhampton Wanderers,Crystal Palace
28896,False,86,88,"{'h': None, 'a': None}","{'h': None, 'a': None}",2025-11-22 17:30:00,,Newcastle United,Manchester City
28893,False,245,71,"{'h': None, 'a': None}","{'h': None, 'a': None}",2025-11-23 14:00:00,,Leeds,Aston Villa
28889,False,83,82,"{'h': None, 'a': None}","{'h': None, 'a': None}",2025-11-23 16:30:00,,Arsenal,Tottenham
28895,False,89,72,"{'h': None, 'a': None}","{'h': None, 'a': None}",2025-11-24 20:00:00,,Manchester United,Everton
28899,False,244,92,"{'h': None, 'a': None}","{'h': None, 'a': None}",2025-11-29 15:00:00,,Brentford,Burnley
28903,False,88,245,"{'h': None, 'a': None}","{'h': None, 'a': None}",2025-11-29 15:00:00,,Manchester City,Leeds
28905,False,77,73,"{'h': None, 'a': None}","{'h': None, 'a': None}",2025-11-29 15:00:00,,Sunderland,Bournemouth
28902,False,72,86,"{'h': None, 'a': None}","{'h': None, 'a': None}",2025-11-29 17:30:00,,Everton,Newcastle United
28906,False,82,228,"{'h': None, 'a': None}","{'h': None, 'a': None}",2025-11-29 20:00:00,,Tottenham,Fulham
28901,False,78,89,"{'h': None, 'a': None}","{'h': None, 'a': None}",2025-11-30 12:00:00,,Crystal Palace,Manchester United
28898,False,71,229,"{'h': None, 'a': None}","{'h': None, 'a': None}",2025-11-30 14:05:00,,Aston Villa,Wolverhampton Wanderers
28904,False,249,220,"{'h': None, 'a': None}","{'h': None, 'a': None}",2025-11-30 14:05:00,,Nottingham Forest,Brighton
28907,False,81,87,"{'h': None, 'a': None}","{'h': None, 'a': None}",2025-11-30 14:05:00,,West Ham,Liverpool
28900,False,80,83,"{'h': None, 'a': None}","{'h': None, 'a': None}",2025-11-30 16:30:00,,Chelsea,Arsenal
28908,False,73,72,"{'h': None, 'a': None}","{'h': None, 'a': None}",2025-12-03 18:00:00,,Bournemouth,Everton
28909,False,83,244,"{'h': None, 'a': None}","{'h': None, 'a': None}",2025-12-03 18:00:00,,Arsenal,Brentford
28910,False,220,71,"{'h': None, 'a': None}","{'h': None, 'a': None}",2025-12-03 18:00:00,,Brighton,Aston Villa
28911,False,92,78,"{'h': None, 'a': None}","{'h': None, 'a': None}",2025-12-03 18:00:00,,Burnley,Crystal Palace
28912,False,228,88,"{'h': None, 'a': None}","{'h': None, 'a': None}",2025-12-03 18:00:00,,Fulham,Manchester City
28913,False,245,80,"{'h': None, 'a': None}","{'h': None, 'a': None}",2025-12-03 18:00:00,,Leeds,Chelsea
28914,False,87,77,"{'h': None, 'a': None}","{'h': None, 'a': None}",2025-12-03 18:00:00,,Liverpool,Sunderland
28915,False,89,81,"{'h': None, 'a': None}","{'h': None, 'a': None}",2025-12-03 18:00:00,,Manchester United,West Ham
28916,False,86,82,"{'h': None, 'a': None}","{'h': None, 'a': None}",2025-12-03 18:00:00,,Newcastle United,Tottenham
28917,False,229,249,"{'h': None, 'a': None}","{'h': None, 'a': None}",2025-12-03 18:00:00,,Wolverhampton Wanderers,Nottingham Forest
28918,False,73,80,"{'h': None, 'a': None}","{'h': None, 'a': None}",2025-12-06 13:00:00,,Bournemouth,Chelsea
28919,False,71,83,"{'h': None, 'a': None}","{'h': None, 'a': None}",2025-12-06 13:00:00,,Aston Villa,Arsenal
28920,False,220,81,"{'h': None, 'a': None}","{'h': None, 'a': None}",2025-12-06 13:00:00,,Brighton,West Ham
28921,False,72,249,"{'h': None, 'a': None}","{'h': None, 'a': None}",2025-12-06 13:00:00,,Everton,Nottingham Forest
28922,False,228,78,"{'h': None, 'a': None}","{'h': None, 'a': None}",2025-12-06 13:00:00,,Fulham,Crystal Palace
28923,False,245,87,"{'h': None, 'a': None}","{'h': None, 'a': None}",2025-12-06 13:00:00,,Leeds,Liverpool
28924,False,88,77,"{'h': None, 'a': None}","{'h': None, 'a': None}",2025-12-06 13:00:00,,Manchester City,Sunderland
28925,False,86,92,"{'h': None, 'a': None}","{'h': None, 'a': None}",2025-12-06 13:00:00,,Newcastle United,Burnley
28926,False,82,244,"{'h': None, 'a': None}","{'h': None, 'a': None}",2025-12-06 13:00:00,,Tottenham,Brentford
28927,False,229,89,"{'h': None, 'a': None}","{'h': None, 'a': None}",2025-12-06 13:00:00,,Wolverhampton Wanderers,Manchester United
28928,False,83,229,"{'h': None, 'a': None}","{'h': None, 'a': None}",2025-12-13 13:00:00,,Arsenal,Wolverhampton Wanderers
28929,False,244,245,"{'h': None, 'a': None}","{'h': None, 'a': None}",2025-12-13 13:00:00,,Brentford,Leeds
28930,False,92,228,"{'h': None, 'a': None}","{'h': None, 'a': None}",2025-12-13 13:00:00,,Burnley,Fulham
28931,False,80,72,"{'h': None, 'a': None}","{'h': None, 'a': None}",2025-12-13 13:00:00,,Chelsea,Everton
28932,False,78,88,"{'h': None, 'a': None}","{'h': None, 'a': None}",2025-12-13 13:00:00,,Crystal Palace,Manchester City
28933,False,87,220,"{'h': None, 'a': None}","{'h': None, 'a': None}",2025-12-13 13:00:00,,Liverpool,Brighton
28934,False,89,73,"{'h': None, 'a': None}","{'h': None, 'a': None}",2025-12-13 13:00:00,,Manchester United,Bournemouth
28935,False,249,82,"{'h': None, 'a': None}","{'h': None, 'a': None}",2025-12-13 13:00:00,,Nottingham Forest,Tottenham
28936,False,77,86,"{'h': None, 'a': None}","{'h': None, 'a': None}",2025-12-13 13:00:00,,Sunderland,Newcastle United
28937,False,81,71,"{'h': None, 'a': None}","{'h': None, 'a': None}",2025-12-13 13:00:00,,West Ham,Aston Villa
28938,False,73,92,"{'h': None, 'a': None}","{'h': None, 'a': None}",2025-12-20 13:00:00,,Bournemouth,Burnley
28939,False,71,89,"{'h': None, 'a': None}","{'h': None, 'a': None}",2025-12-20 13:00:00,,Aston Villa,Manchester United
28940,False,220,77,"{'h': None, 'a': None}","{'h': None, 'a': None}",2025-12-20 13:00:00,,Brighton,Sunderland
28941,False,72,83,"{'h': None, 'a': None}","{'h': None, 'a': None}",2025-12-20 13:00:00,,Everton,Arsenal
28942,False,228,249,"{'h': None, 'a': None}","{'h': None, 'a': None}",2025-12-20 13:00:00,,Fulham,Nottingham Forest
28943,False,245,78,"{'h': None, 'a': None}","{'h': None, 'a': None}",2025-12-20 13:00:00,,Leeds,Crystal Palace
28944,False,88,81,"{'h': None, 'a': None}","{'h': None, 'a': None}",2025-12-20 13:00:00,,Manchester City,West Ham
28945,False,86,80,"{'h': None, 'a': None}","{'h': None, 'a': None}",2025-12-20 13:00:00,,Newcastle United,Chelsea
28946,False,82,87,"{'h': None, 'a': None}","{'h': None, 'a': None}",2025-12-20 13:00:00,,Tottenham,Liverpool
28947,False,229,244,"{'h': None, 'a': None}","{'h': None, 'a': None}",2025-12-20 13:00:00,,Wolverhampton Wanderers,Brentford
28948,False,83,220,"{'h': None, 'a': None}","{'h': None, 'a': None}",2025-12-27 13:00:00,,Arsenal,Brighton
28949,False,244,73,"{'h': None, 'a': None}","{'h': None, 'a': None}",2025-12-27 13:00:00,,Brentford,Bournemouth
28950,False,92,72,"{'h': None, 'a': None}","{'h': None, 'a': None}",2025-12-27 13:00:00,,Burnley,Everton
28951,False,80,71,"{'h': None, 'a': None}","{'h': None, 'a': None}",2025-12-27 13:00:00,,Chelsea,Aston Villa
28952,False,78,82,"{'h': None, 'a': None}","{'h': None, 'a': None}",2025-12-27 13:00:00,,Crystal Palace,Tottenham
28953,False,87,229,"{'h': None, 'a': None}","{'h': None, 'a': None}",2025-12-27 13:00:00,,Liverpool,Wolverhampton Wanderers
28954,False,89,86,"{'h': None, 'a': None}","{'h': None, 'a': None}",2025-12-27 13:00:00,,Manchester United,Newcastle United
28955,False,249,88,"{'h': None, 'a': None}","{'h': None, 'a': None}",2025-12-27 13:00:00,,Nottingham Forest,Manchester City
28956,False,77,245,"{'h': None, 'a': None}","{'h': None, 'a': None}",2025-12-27 13:00:00,,Sunderland,Leeds
28957,False,81,228,"{'h': None, 'a': None}","{'h': None, 'a': None}",2025-12-27 13:00:00,,West Ham,Fulham
28958,False,83,71,"{'h': None, 'a': None}","{'h': None, 'a': None}",2025-12-30 18:00:00,,Arsenal,Aston Villa
28959,False,244,82,"{'h': None, 'a': None}","{'h': None, 'a': None}",2025-12-30 18:00:00,,Brentford,Tottenham
28960,False,92,86,"{'h': None, 'a': None}","{'h': None, 'a': None}",2025-12-30 18:00:00,,Burnley,Newcastle United
28961,False,80,73,"{'h': None, 'a': None}","{'h': None, 'a': None}",2025-12-30 18:00:00,,Chelsea,Bournemouth
28962,False,78,228,"{'h': None, 'a': None}","{'h': None, 'a': None}",2025-12-30 18:00:00,,Crystal Palace,Fulham
28963,False,87,245,"{'h': None, 'a': None}","{'h': None, 'a': None}",2025-12-30 18:00:00,,Liverpool,Leeds
28964,False,89,229,"{'h': None, 'a': None}","{'h': None, 'a': None}",2025-12-30 18:00:00,,Manchester United,Wolverhampton Wanderers
28965,False,249,72,"{'h': None, 'a': None}","{'h': None, 'a': None}",2025-12-30 18:00:00,,Nottingham Forest,Everton
28966,False,77,88,"{'h': None, 'a': None}","{'h': None, 'a': None}",2025-12-30 18:00:00,,Sunderland,Manchester City
28967,False,81,220,"{'h': None, 'a': None}","{'h': None, 'a': None}",2025-12-30 18:00:00,,West Ham,Brighton
28968,False,86,78,"{'h': None, 'a': None}","{'h': None, 'a': None}",2026-01-03 13:00:00,,Newcastle United,Crystal Palace
28969,False,82,77,"{'h': None, 'a': None}","{'h': None, 'a': None}",2026-01-03 13:00:00,,Tottenham,Sunderland
28970,False,229,81,"{'h': None, 'a': None}","{'h': None, 'a': None}",2026-01-03 13:00:00,,Wolverhampton Wanderers,West Ham
28971,False,73,83,"{'h': None, 'a': None}","{'h': None, 'a': None}",2026-01-03 13:00:00,,Bournemouth,Arsenal
28972,False,71,249,"{'h': None, 'a': None}","{'h': None, 'a': None}",2026-01-03 13:00:00,,Aston Villa,Nottingham Forest
28973,False,220,92,"{'h': None, 'a': None}","{'h': None, 'a': None}",2026-01-03 13:00:00,,Brighton,Burnley
28974,False,72,244,"{'h': None, 'a': None}","{'h': None, 'a': None}",2026-01-03 13:00:00,,Everton,Brentford
28975,False,228,87,"{'h': None, 'a': None}","{'h': None, 'a': None}",2026-01-03 13:00:00,,Fulham,Liverpool
28976,False,245,89,"{'h': None, 'a': None}","{'h': None, 'a': None}",2026-01-03 13:00:00,,Leeds,Manchester United
28977,False,88,80,"{'h': None, 'a': None}","{'h': None, 'a': None}",2026-01-03 13:00:00,,Manchester City,Chelsea
28978,False,72,229,"{'h': None, 'a': None}","{'h': None, 'a': None}",2026-01-07 18:00:00,,Everton,Wolverhampton Wanderers
28979,False,73,82,"{'h': None, 'a': None}","{'h': None, 'a': None}",2026-01-07 18:00:00,,Bournemouth,Tottenham
28980,False,83,87,"{'h': None, 'a': None}","{'h': None, 'a': None}",2026-01-07 18:00:00,,Arsenal,Liverpool
28981,False,244,77,"{'h': None, 'a': None}","{'h': None, 'a': None}",2026-01-07 18:00:00,,Brentford,Sunderland
28982,False,92,89,"{'h': None, 'a': None}","{'h': None, 'a': None}",2026-01-07 18:00:00,,Burnley,Manchester United
28983,False,78,71,"{'h': None, 'a': None}","{'h': None, 'a': None}",2026-01-07 18:00:00,,Crystal Palace,Aston Villa
28984,False,228,80,"{'h': None, 'a': None}","{'h': None, 'a': None}",2026-01-07 18:00:00,,Fulham,Chelsea
28985,False,88,220,"{'h': None, 'a': None}","{'h': None, 'a': None}",2026-01-07 18:00:00,,Manchester City,Brighton
28986,False,86,245,"{'h': None, 'a': None}","{'h': None, 'a': None}",2026-01-07 18:00:00,,Newcastle United,Leeds
28987,False,81,249,"{'h': None, 'a': None}","{'h': None, 'a': None}",2026-01-07 18:00:00,,West Ham,Nottingham Forest
28988,False,71,72,"{'h': None, 'a': None}","{'h': None, 'a': None}",2026-01-17 13:00:00,,Aston Villa,Everton
28989,False,220,73,"{'h': None, 'a': None}","{'h': None, 'a': None}",2026-01-17 13:00:00,,Brighton,Bournemouth
28990,False,80,244,"{'h': None, 'a': None}","{'h': None, 'a': None}",2026-01-17 13:00:00,,Chelsea,Brentford
28991,False,245,228,"{'h': None, 'a': None}","{'h': None, 'a': None}",2026-01-17 13:00:00,,Leeds,Fulham
28992,False,87,92,"{'h': None, 'a': None}","{'h': None, 'a': None}",2026-01-17 13:00:00,,Liverpool,Burnley
28993,False,89,88,"{'h': None, 'a': None}","{'h': None, 'a': None}",2026-01-17 13:00:00,,Manchester United,Manchester City
28994,False,249,83,"{'h': None, 'a': None}","{'h': None, 'a': None}",2026-01-17 13:00:00,,Nottingham Forest,Arsenal
28995,False,77,78,"{'h': None, 'a': None}","{'h': None, 'a': None}",2026-01-17 13:00:00,,Sunderland,Crystal Palace
28996,False,82,81,"{'h': None, 'a': None}","{'h': None, 'a': None}",2026-01-17 13:00:00,,Tottenham,West Ham
28997,False,229,86,"{'h': None, 'a': None}","{'h': None, 'a': None}",2026-01-17 13:00:00,,Wolverhampton Wanderers,Newcastle United
28998,False,73,87,"{'h': None, 'a': None}","{'h': None, 'a': None}",2026-01-24 13:00:00,,Bournemouth,Liverpool
28999,False,83,89,"{'h': None, 'a': None}","{'h': None, 'a': None}",2026-01-24 13:00:00,,Arsenal,Manchester United
29000,False,244,249,"{'h': None, 'a': None}","{'h': None, 'a': None}",2026-01-24 13:00:00,,Brentford,Nottingham Forest
29001,False,92,82,"{'h': None, 'a': None}","{'h': None, 'a': None}",2026-01-24 13:00:00,,Burnley,Tottenham
29002,False,78,80,"{'h': None, 'a': None}","{'h': None, 'a': None}",2026-01-24 13:00:00,,Crystal Palace,Chelsea
29003,False,72,245,"{'h': None, 'a': None}","{'h': None, 'a': None}",2026-01-24 13:00:00,,Everton,Leeds
29004,False,228,220,"{'h': None, 'a': None}","{'h': None, 'a': None}",2026-01-24 13:00:00,,Fulham,Brighton
29005,False,88,229,"{'h': None, 'a': None}","{'h': None, 'a': None}",2026-01-24 13:00:00,,Manchester City,Wolverhampton Wanderers
29006,False,86,71,"{'h': None, 'a': None}","{'h': None, 'a': None}",2026-01-24 13:00:00,,Newcastle United,Aston Villa
29007,False,81,77,"{'h': None, 'a': None}","{'h': None, 'a': None}",2026-01-24 13:00:00,,West Ham,Sunderland
29008,False,71,244,"{'h': None, 'a': None}","{'h': None, 'a': None}",2026-01-31 13:00:00,,Aston Villa,Brentford
29009,False,80,81,"{'h': None, 'a': None}","{'h': None, 'a': None}",2026-01-31 13:00:00,,Chelsea,West Ham
29010,False,220,72,"{'h': None, 'a': None}","{'h': None, 'a': None}",2026-01-31 13:00:00,,Brighton,Everton
29011,False,77,92,"{'h': None, 'a': None}","{'h': None, 'a': None}",2026-01-31 13:00:00,,Sunderland,Burnley
29012,False,89,228,"{'h': None, 'a': None}","{'h': None, 'a': None}",2026-01-31 13:00:00,,Manchester United,Fulham
29013,False,249,78,"{'h': None, 'a': None}","{'h': None, 'a': None}",2026-01-31 13:00:00,,Nottingham Forest,Crystal Palace
29014,False,87,86,"{'h': None, 'a': None}","{'h': None, 'a': None}",2026-01-31 13:00:00,,Liverpool,Newcastle United
29015,False,245,83,"{'h': None, 'a': None}","{'h': None, 'a': None}",2026-01-31 13:00:00,,Leeds,Arsenal
29016,False,82,88,"{'h': None, 'a': None}","{'h': None, 'a': None}",2026-01-31 13:00:00,,Tottenham,Manchester City
29017,False,229,73,"{'h': None, 'a': None}","{'h': None, 'a': None}",2026-01-31 13:00:00,,Wolverhampton Wanderers,Bournemouth
29018,False,73,71,"{'h': None, 'a': None}","{'h': None, 'a': None}",2026-02-07 13:00:00,,Bournemouth,Aston Villa
29019,False,83,77,"{'h': None, 'a': None}","{'h': None, 'a': None}",2026-02-07 13:00:00,,Arsenal,Sunderland
29020,False,220,78,"{'h': None, 'a': None}","{'h': None, 'a': None}",2026-02-07 13:00:00,,Brighton,Crystal Palace
29021,False,92,81,"{'h': None, 'a': None}","{'h': None, 'a': None}",2026-02-07 13:00:00,,Burnley,West Ham
29022,False,228,72,"{'h': None, 'a': None}","{'h': None, 'a': None}",2026-02-07 13:00:00,,Fulham,Everton
29023,False,245,249,"{'h': None, 'a': None}","{'h': None, 'a': None}",2026-02-07 13:00:00,,Leeds,Nottingham Forest
29024,False,87,88,"{'h': None, 'a': None}","{'h': None, 'a': None}",2026-02-07 13:00:00,,Liverpool,Manchester City
29025,False,89,82,"{'h': None, 'a': None}","{'h': None, 'a': None}",2026-02-07 13:00:00,,Manchester United,Tottenham
29026,False,86,244,"{'h': None, 'a': None}","{'h': None, 'a': None}",2026-02-07 13:00:00,,Newcastle United,Brentford
29027,False,229,80,"{'h': None, 'a': None}","{'h': None, 'a': None}",2026-02-07 13:00:00,,Wolverhampton Wanderers,Chelsea
29028,False,71,220,"{'h': None, 'a': None}","{'h': None, 'a': None}",2026-02-11 18:00:00,,Aston Villa,Brighton
29029,False,244,83,"{'h': None, 'a': None}","{'h': None, 'a': None}",2026-02-11 18:00:00,,Brentford,Arsenal
29030,False,80,245,"{'h': None, 'a': None}","{'h': None, 'a': None}",2026-02-11 18:00:00,,Chelsea,Leeds
29031,False,78,92,"{'h': None, 'a': None}","{'h': None, 'a': None}",2026-02-11 18:00:00,,Crystal Palace,Burnley
29032,False,72,73,"{'h': None, 'a': None}","{'h': None, 'a': None}",2026-02-11 18:00:00,,Everton,Bournemouth
29033,False,88,228,"{'h': None, 'a': None}","{'h': None, 'a': None}",2026-02-11 18:00:00,,Manchester City,Fulham
29034,False,249,229,"{'h': None, 'a': None}","{'h': None, 'a': None}",2026-02-11 18:00:00,,Nottingham Forest,Wolverhampton Wanderers
29035,False,77,87,"{'h': None, 'a': None}","{'h': None, 'a': None}",2026-02-11 18:00:00,,Sunderland,Liverpool
29036,False,82,86,"{'h': None, 'a': None}","{'h': None, 'a': None}",2026-02-11 18:00:00,,Tottenham,Newcastle United
29037,False,81,89,"{'h': None, 'a': None}","{'h': None, 'a': None}",2026-02-11 18:00:00,,West Ham,Manchester United
29038,False,71,245,"{'h': None, 'a': None}","{'h': None, 'a': None}",2026-02-21 13:00:00,,Aston Villa,Leeds
29039,False,244,220,"{'h': None, 'a': None}","{'h': None, 'a': None}",2026-02-21 13:00:00,,Brentford,Brighton
29040,False,80,92,"{'h': None, 'a': None}","{'h': None, 'a': None}",2026-02-21 13:00:00,,Chelsea,Burnley
29041,False,78,229,"{'h': None, 'a': None}","{'h': None, 'a': None}",2026-02-21 13:00:00,,Crystal Palace,Wolverhampton Wanderers
29042,False,72,89,"{'h': None, 'a': None}","{'h': None, 'a': None}",2026-02-21 13:00:00,,Everton,Manchester United
29043,False,88,86,"{'h': None, 'a': None}","{'h': None, 'a': None}",2026-02-21 13:00:00,,Manchester City,Newcastle United
29044,False,249,87,"{'h': None, 'a': None}","{'h': None, 'a': None}",2026-02-21 13:00:00,,Nottingham Forest,Liverpool
29045,False,77,228,"{'h': None, 'a': None}","{'h': None, 'a': None}",2026-02-21 13:00:00,,Sunderland,Fulham
29046,False,82,83,"{'h': None, 'a': None}","{'h': None, 'a': None}",2026-02-21 13:00:00,,Tottenham,Arsenal
29047,False,81,73,"{'h': None, 'a': None}","{'h': None, 'a': None}",2026-02-21 13:00:00,,West Ham,Bournemouth
29048,False,73,77,"{'h': None, 'a': None}","{'h': None, 'a': None}",2026-02-28 13:00:00,,Bournemouth,Sunderland
29049,False,83,80,"{'h': None, 'a': None}","{'h': None, 'a': None}",2026-02-28 13:00:00,,Arsenal,Chelsea
29050,False,220,249,"{'h': None, 'a': None}","{'h': None, 'a': None}",2026-02-28 13:00:00,,Brighton,Nottingham Forest
29051,False,92,244,"{'h': None, 'a': None}","{'h': None, 'a': None}",2026-02-28 13:00:00,,Burnley,Brentford
29052,False,228,82,"{'h': None, 'a': None}","{'h': None, 'a': None}",2026-02-28 13:00:00,,Fulham,Tottenham
29053,False,245,88,"{'h': None, 'a': None}","{'h': None, 'a': None}",2026-02-28 13:00:00,,Leeds,Manchester City
29054,False,87,81,"{'h': None, 'a': None}","{'h': None, 'a': None}",2026-02-28 13:00:00,,Liverpool,West Ham
29055,False,89,78,"{'h': None, 'a': None}","{'h': None, 'a': None}",2026-02-28 13:00:00,,Manchester United,Crystal Palace
29056,False,86,72,"{'h': None, 'a': None}","{'h': None, 'a': None}",2026-02-28 13:00:00,,Newcastle United,Everton
29057,False,229,71,"{'h': None, 'a': None}","{'h': None, 'a': None}",2026-02-28 13:00:00,,Wolverhampton Wanderers,Aston Villa
29058,False,73,244,"{'h': None, 'a': None}","{'h': None, 'a': None}",2026-03-04 18:00:00,,Bournemouth,Brentford
29059,False,71,80,"{'h': None, 'a': None}","{'h': None, 'a': None}",2026-03-04 18:00:00,,Aston Villa,Chelsea
29060,False,220,83,"{'h': None, 'a': None}","{'h': None, 'a': None}",2026-03-04 18:00:00,,Brighton,Arsenal
29061,False,72,92,"{'h': None, 'a': None}","{'h': None, 'a': None}",2026-03-04 18:00:00,,Everton,Burnley
29062,False,228,81,"{'h': None, 'a': None}","{'h': None, 'a': None}",2026-03-04 18:00:00,,Fulham,West Ham
29063,False,245,77,"{'h': None, 'a': None}","{'h': None, 'a': None}",2026-03-04 18:00:00,,Leeds,Sunderland
29064,False,88,249,"{'h': None, 'a': None}","{'h': None, 'a': None}",2026-03-04 18:00:00,,Manchester City,Nottingham Forest
29065,False,86,89,"{'h': None, 'a': None}","{'h': None, 'a': None}",2026-03-04 18:00:00,,Newcastle United,Manchester United
29066,False,82,78,"{'h': None, 'a': None}","{'h': None, 'a': None}",2026-03-04 18:00:00,,Tottenham,Crystal Palace
29067,False,229,87,"{'h': None, 'a': None}","{'h': None, 'a': None}",2026-03-04 18:00:00,,Wolverhampton Wanderers,Liverpool
29068,False,83,72,"{'h': None, 'a': None}","{'h': None, 'a': None}",2026-03-14 13:00:00,,Arsenal,Everton
29069,False,244,229,"{'h': None, 'a': None}","{'h': None, 'a': None}",2026-03-14 13:00:00,,Brentford,Wolverhampton Wanderers
29070,False,92,73,"{'h': None, 'a': None}","{'h': None, 'a': None}",2026-03-14 13:00:00,,Burnley,Bournemouth
29071,False,80,86,"{'h': None, 'a': None}","{'h': None, 'a': None}",2026-03-14 13:00:00,,Chelsea,Newcastle United
29072,False,78,245,"{'h': None, 'a': None}","{'h': None, 'a': None}",2026-03-14 13:00:00,,Crystal Palace,Leeds
29073,False,87,82,"{'h': None, 'a': None}","{'h': None, 'a': None}",2026-03-14 13:00:00,,Liverpool,Tottenham
29074,False,89,71,"{'h': None, 'a': None}","{'h': None, 'a': None}",2026-03-14 13:00:00,,Manchester United,Aston Villa
29075,False,249,228,"{'h': None, 'a': None}","{'h': None, 'a': None}",2026-03-14 13:00:00,,Nottingham Forest,Fulham
29076,False,77,220,"{'h': None, 'a': None}","{'h': None, 'a': None}",2026-03-14 13:00:00,,Sunderland,Brighton
29077,False,81,88,"{'h': None, 'a': None}","{'h': None, 'a': None}",2026-03-14 13:00:00,,West Ham,Manchester City
29078,False,73,89,"{'h': None, 'a': None}","{'h': None, 'a': None}",2026-03-21 13:00:00,,Bournemouth,Manchester United
29079,False,71,81,"{'h': None, 'a': None}","{'h': None, 'a': None}",2026-03-21 13:00:00,,Aston Villa,West Ham
29080,False,220,87,"{'h': None, 'a': None}","{'h': None, 'a': None}",2026-03-21 13:00:00,,Brighton,Liverpool
29081,False,72,80,"{'h': None, 'a': None}","{'h': None, 'a': None}",2026-03-21 13:00:00,,Everton,Chelsea
29082,False,228,92,"{'h': None, 'a': None}","{'h': None, 'a': None}",2026-03-21 13:00:00,,Fulham,Burnley
29083,False,245,244,"{'h': None, 'a': None}","{'h': None, 'a': None}",2026-03-21 13:00:00,,Leeds,Brentford
29084,False,88,78,"{'h': None, 'a': None}","{'h': None, 'a': None}",2026-03-21 13:00:00,,Manchester City,Crystal Palace
29085,False,86,77,"{'h': None, 'a': None}","{'h': None, 'a': None}",2026-03-21 13:00:00,,Newcastle United,Sunderland
29086,False,82,249,"{'h': None, 'a': None}","{'h': None, 'a': None}",2026-03-21 13:00:00,,Tottenham,Nottingham Forest
29087,False,229,83,"{'h': None, 'a': None}","{'h': None, 'a': None}",2026-03-21 13:00:00,,Wolverhampton Wanderers,Arsenal
29088,False,89,245,"{'h': None, 'a': None}","{'h': None, 'a': None}",2026-04-11 13:00:00,,Manchester United,Leeds
29089,False,249,71,"{'h': None, 'a': None}","{'h': None, 'a': None}",2026-04-11 13:00:00,,Nottingham Forest,Aston Villa
29090,False,77,82,"{'h': None, 'a': None}","{'h': None, 'a': None}",2026-04-11 13:00:00,,Sunderland,Tottenham
29091,False,81,229,"{'h': None, 'a': None}","{'h': None, 'a': None}",2026-04-11 13:00:00,,West Ham,Wolverhampton Wanderers
29092,False,83,73,"{'h': None, 'a': None}","{'h': None, 'a': None}",2026-04-11 13:00:00,,Arsenal,Bournemouth
29093,False,244,72,"{'h': None, 'a': None}","{'h': None, 'a': None}",2026-04-11 13:00:00,,Brentford,Everton
29094,False,92,220,"{'h': None, 'a': None}","{'h': None, 'a': None}",2026-04-11 13:00:00,,Burnley,Brighton
29095,False,80,88,"{'h': None, 'a': None}","{'h': None, 'a': None}",2026-04-11 13:00:00,,Chelsea,Manchester City
29096,False,78,86,"{'h': None, 'a': None}","{'h': None, 'a': None}",2026-04-11 13:00:00,,Crystal Palace,Newcastle United
29097,False,87,228,"{'h': None, 'a': None}","{'h': None, 'a': None}",2026-04-11 13:00:00,,Liverpool,Fulham
29098,False,71,77,"{'h': None, 'a': None}","{'h': None, 'a': None}",2026-04-18 13:00:00,,Aston Villa,Sunderland
29099,False,244,228,"{'h': None, 'a': None}","{'h': None, 'a': None}",2026-04-18 13:00:00,,Brentford,Fulham
29100,False,80,89,"{'h': None, 'a': None}","{'h': None, 'a': None}",2026-04-18 13:00:00,,Chelsea,Manchester United
29101,False,78,81,"{'h': None, 'a': None}","{'h': None, 'a': None}",2026-04-18 13:00:00,,Crystal Palace,West Ham
29102,False,72,87,"{'h': None, 'a': None}","{'h': None, 'a': None}",2026-04-18 13:00:00,,Everton,Liverpool
29103,False,245,229,"{'h': None, 'a': None}","{'h': None, 'a': None}",2026-04-18 13:00:00,,Leeds,Wolverhampton Wanderers
29104,False,88,83,"{'h': None, 'a': None}","{'h': None, 'a': None}",2026-04-18 13:00:00,,Manchester City,Arsenal
29105,False,86,73,"{'h': None, 'a': None}","{'h': None, 'a': None}",2026-04-18 13:00:00,,Newcastle United,Bournemouth
29106,False,249,92,"{'h': None, 'a': None}","{'h': None, 'a': None}",2026-04-18 13:00:00,,Nottingham Forest,Burnley
29107,False,82,220,"{'h': None, 'a': None}","{'h': None, 'a': None}",2026-04-18 13:00:00,,Tottenham,Brighton
29108,False,73,245,"{'h': None, 'a': None}","{'h': None, 'a': None}",2026-04-25 13:00:00,,Bournemouth,Leeds
29109,False,83,86,"{'h': None, 'a': None}","{'h': None, 'a': None}",2026-04-25 13:00:00,,Arsenal,Newcastle United
29110,False,220,80,"{'h': None, 'a': None}","{'h': None, 'a': None}",2026-04-25 13:00:00,,Brighton,Chelsea
29111,False,92,88,"{'h': None, 'a': None}","{'h': None, 'a': None}",2026-04-25 13:00:00,,Burnley,Manchester City
29112,False,228,71,"{'h': None, 'a': None}","{'h': None, 'a': None}",2026-04-25 13:00:00,,Fulham,Aston Villa
29113,False,87,78,"{'h': None, 'a': None}","{'h': None, 'a': None}",2026-04-25 13:00:00,,Liverpool,Crystal Palace
29114,False,89,244,"{'h': None, 'a': None}","{'h': None, 'a': None}",2026-04-25 13:00:00,,Manchester United,Brentford
29115,False,77,249,"{'h': None, 'a': None}","{'h': None, 'a': None}",2026-04-25 13:00:00,,Sunderland,Nottingham Forest
29116,False,81,72,"{'h': None, 'a': None}","{'h': None, 'a': None}",2026-04-25 13:00:00,,West Ham,Everton
29117,False,229,82,"{'h': None, 'a': None}","{'h': None, 'a': None}",2026-04-25 13:00:00,,Wolverhampton Wanderers,Tottenham
29118,False,73,78,"{'h': None, 'a': None}","{'h': None, 'a': None}",2026-05-02 13:00:00,,Bournemouth,Crystal Palace
29119,False,83,228,"{'h': None, 'a': None}","{'h': None, 'a': None}",2026-05-02 13:00:00,,Arsenal,Fulham
29120,False,71,82,"{'h': None, 'a': None}","{'h': None, 'a': None}",2026-05-02 13:00:00,,Aston Villa,Tottenham
29121,False,244,81,"{'h': None, 'a': None}","{'h': None, 'a': None}",2026-05-02 13:00:00,,Brentford,West Ham
29122,False,80,249,"{'h': None, 'a': None}","{'h': None, 'a': None}",2026-05-02 13:00:00,,Chelsea,Nottingham Forest
29123,False,72,88,"{'h': None, 'a': None}","{'h': None, 'a': None}",2026-05-02 13:00:00,,Everton,Manchester City
29124,False,245,92,"{'h': None, 'a': None}","{'h': None, 'a': None}",2026-05-02 13:00:00,,Leeds,Burnley
29125,False,89,87,"{'h': None, 'a': None}","{'h': None, 'a': None}",2026-05-02 13:00:00,,Manchester United,Liverpool
29126,False,86,220,"{'h': None, 'a': None}","{'h': None, 'a': None}",2026-05-02 13:00:00,,Newcastle United,Brighton
29127,False,229,77,"{'h': None, 'a': None}","{'h': None, 'a': None}",2026-05-02 13:00:00,,Wolverhampton Wanderers,Sunderland
29128,False,220,229,"{'h': None, 'a': None}","{'h': None, 'a': None}",2026-05-09 13:00:00,,Brighton,Wolverhampton Wanderers
29129,False,92,71,"{'h': None, 'a': None}","{'h': None, 'a': None}",2026-05-09 13:00:00,,Burnley,Aston Villa
29130,False,78,72,"{'h': None, 'a': None}","{'h': None, 'a': None}",2026-05-09 13:00:00,,Crystal Palace,Everton
29131,False,228,73,"{'h': None, 'a': None}","{'h': None, 'a': None}",2026-05-09 13:00:00,,Fulham,Bournemouth
29132,False,87,80,"{'h': None, 'a': None}","{'h': None, 'a': None}",2026-05-09 13:00:00,,Liverpool,Chelsea
29133,False,88,244,"{'h': None, 'a': None}","{'h': None, 'a': None}",2026-05-09 13:00:00,,Manchester City,Brentford
29134,False,249,86,"{'h': None, 'a': None}","{'h': None, 'a': None}",2026-05-09 13:00:00,,Nottingham Forest,Newcastle United
29135,False,77,89,"{'h': None, 'a': None}","{'h': None, 'a': None}",2026-05-09 13:00:00,,Sunderland,Manchester United
29136,False,82,245,"{'h': None, 'a': None}","{'h': None, 'a': None}",2026-05-09 13:00:00,,Tottenham,Leeds
29137,False,81,83,"{'h': None, 'a': None}","{'h': None, 'a': None}",2026-05-09 13:00:00,,West Ham,Arsenal
29138,False,73,88,"{'h': None, 'a': None}","{'h': None, 'a': None}",2026-05-17 13:00:00,,Bournemouth,Manchester City
29139,False,83,92,"{'h': None, 'a': None}","{'h': None, 'a': None}",2026-05-17 13:00:00,,Arsenal,Burnley
29140,False,71,87,"{'h': None, 'a': None}","{'h': None, 'a': None}",2026-05-17 13:00:00,,Aston Villa,Liverpool
29141,False,244,78,"{'h': None, 'a': None}","{'h': None, 'a': None}",2026-05-17 13:00:00,,Brentford,Crystal Palace
29142,False,80,82,"{'h': None, 'a': None}","{'h': None, 'a': None}",2026-05-17 13:00:00,,Chelsea,Tottenham
29143,False,72,77,"{'h': None, 'a': None}","{'h': None, 'a': None}",2026-05-17 13:00:00,,Everton,Sunderland
29144,False,245,220,"{'h': None, 'a': None}","{'h': None, 'a': None}",2026-05-17 13:00:00,,Leeds,Brighton
29145,False,89,249,"{'h': None, 'a': None}","{'h': None, 'a': None}",2026-05-17 13:00:00,,Manchester United,Nottingham Forest
29146,False,86,81,"{'h': None, 'a': None}","{'h': None, 'a': None}",2026-05-17 13:00:00,,Newcastle United,West Ham
29147,False,229,228,"{'h': None, 'a': None}","{'h': None, 'a': None}",2026-05-17 13:00:00,,Wolverhampton Wanderers,Fulham
29148,False,220,89,"{'h': None, 'a': None}","{'h': None, 'a': None}",2026-05-24 14:00:00,,Brighton,Manchester United
29149,False,92,229,"{'h': None, 'a': None}","{'h': None, 'a': None}",2026-05-24 14:00:00,,Burnley,Wolverhampton Wanderers
29150,False,78,83,"{'h': None, 'a': None}","{'h': None, 'a': None}",2026-05-24 14:00:00,,Crystal Palace,Arsenal
29151,False,228,86,"{'h': None, 'a': None}","{'h': None, 'a': None}",2026-05-24 14:00:00,,Fulham,Newcastle United
29152,False,87,244,"{'h': None, 'a': None}","{'h': None, 'a': None}",2026-05-24 14:00:00,,Liverpool,Brentford
29153,False,88,71,"{'h': None, 'a': None}","{'h': None, 'a': None}",2026-05-24 14:00:00,,Manchester City,Aston Villa
29154,False,249,73,"{'h': None, 'a': None}","{'h': None, 'a': None}",2026-05-24 14:00:00,,Nottingham Forest,Bournemouth
29155,False,77,80,"{'h': None, 'a': None}","{'h': None, 'a': None}",2026-05-24 14:00:00,,Sunderland,Chelsea
29156,False,82,72,"{'h': None, 'a': None}","{'h': None, 'a': None}",2026-05-24 14:00:00,,Tottenham,Everton
29157,False,81,245,"{'h': None, 'a': None}","{'h': None, 'a': None}",2026-05-24 14:00:00,,West Ham,Leeds
